date,available,availability_365
2020-10-18,t,365
2020-10-18,t,365
2020-10-18,t,365
2020-10-15,t,365
2020-10-16,t,365
2020-10-16,t,365
2020-10-18,t,365
2020-10-15,t,365
2020-10-19,t,365
2020-10-17,t,365
2020-10-17,t,365
2020-10-14,t,365
2020-10-15,t,365
2020-10-17,t,365
2020-10-17,t,365
2020-10-17,t,365
2020-10-20,t,365
2020-10-19,t,365
2020-10-20,t,365
2020-10-15,t,365
2020-10-15,t,365
2020-10-20,t,365
2020-10-14,t,365
2020-10-19,t,365
2020-10-15,t,365
2020-10-17,t,365
2020-10-14,t,365
2020-10-16,t,365
2020-10-15,t,365
2020-10-17,t,365
2020-10-15,t,365
2020-10-15,t,365
2020-10-16,t,365
2020-10-15,t,365
2020-10-18,t,365
2020-10-14,t,365
2020-10-19,t,365
2020-10-16,t,365
2020-10-17,t,365
2020-10-16,t,365
2020-10-19,t,365
2020-10-16,t,365
2020-10-15,t,365
2020-10-19,t,365
2020-10-17,t,365
2020-10-15,t,365
2020-10-18,t,365
2020-10-15,t,365
2020-10-14,t,365
2020-10-16,t,365
2020-10-17,t,365
2020-10-18,t,365
2020-10-15,t,365
2020-10-17,t,365
2020-10-20,t,365
2020-10-20,t,365
2020-10-15,t,365
2020-10-16,t,365
2020-10-19,t,365
2020-10-15,t,365
2020-10-17,t,365
2020-10-16,t,365
2020-10-17,t,365
2020-10-18,t,365
2020-10-17,t,365
2020-10-18,t,365
2020-10-15,t,365
2020-10-15,t,365
2020-10-15,t,365
2020-10-20,t,365
2020-10-19,t,365
2020-10-18,t,365
2020-10-19,t,365
2020-10-20,t,365
2020-10-17,t,365
2020-10-20,t,365
2020-10-19,t,365
2020-10-17,t,365
2020-10-15,t,365
2020-10-14,t,365
2020-10-15,t,365
2020-10-15,t,365
2020-10-16,t,365
2020-10-14,t,365
2020-10-19,t,365
2020-10-15,t,365
2020-10-16,t,365
2020-10-14,t,365
2020-10-20,t,365
2020-10-15,t,365
2020-10-17,t,365
2020-10-16,t,365
2020-10-17,t,365
2020-10-19,t,365
2020-10-15,t,365
2020-10-18,t,365
2020-10-15,t,365
2020-10-15,t,365
2020-10-15,t,365
2020-10-20,t,365
2020-10-18,t,365
2020-10-18,t,365
2020-10-16,t,365
2020-10-19,t,365
2020-10-15,t,365
2020-10-15,t,365
2020-10-15,t,365
2020-10-15,t,365
2020-10-15,t,365
2020-10-19,t,365
2020-10-15,t,365
2020-10-16,t,365
2020-10-15,t,365
2020-10-14,t,365
2020-10-20,t,365
2020-10-19,t,365
2020-10-17,t,365
2020-10-18,t,365
2020-10-17,t,365
2020-10-17,t,365
2020-10-16,t,365
2020-10-18,t,365
2020-10-16,t,365
2020-10-18,t,365
2020-10-17,t,365
2020-10-20,t,365
2020-10-19,t,365
2020-10-15,t,365
2020-10-16,t,365
2020-10-18,t,365
2020-10-16,t,365
2020-10-14,t,365
2020-10-17,t,365
2020-10-16,t,365
2020-10-19,t,365
2020-10-17,t,365
2020-10-18,t,365
2020-10-16,t,365
2020-10-17,t,365
2020-10-15,t,365
2020-10-18,t,365
2020-10-15,t,365
2020-10-15,t,365
2020-10-17,t,365
2020-10-15,t,365
2020-10-17,t,365
2020-10-18,t,365
2020-10-17,t,365
2020-10-21,t,365
2020-10-17,t,365
2020-10-14,t,365
2020-10-15,t,365
2020-10-16,t,365
2020-10-16,t,365
2020-10-20,t,365
2020-10-15,t,365
2020-10-17,t,365
2020-10-20,t,365
2020-10-16,t,365
2020-10-16,t,365
2020-10-14,t,365
2020-10-18,t,365
2020-10-18,t,365
2020-10-16,t,365
2020-10-17,t,365
2020-10-19,t,365
2020-10-14,t,365
2020-10-16,t,365
2020-10-19,t,365
2020-10-19,t,365
2020-10-15,t,365
2020-10-16,t,365
2020-10-16,t,365
2020-10-16,t,365
2020-10-14,t,365
2020-10-14,t,365
2020-10-15,t,365
2020-10-20,t,365
2020-10-14,t,365
2020-10-17,t,365
2020-10-18,t,365
2020-10-18,t,365
2020-10-17,t,365
2020-10-14,t,365
2020-10-20,t,365
2020-10-15,t,365
2020-10-17,t,365
2020-10-16,t,365
2020-10-15,t,365
2020-10-15,t,365
2020-10-19,t,365
2020-10-16,t,365
2020-10-18,t,365
2020-10-19,t,365
2020-10-14,t,365
2020-10-14,t,365
2020-10-15,t,365
2020-10-17,t,365
2020-10-15,t,365
2020-10-15,t,365
2020-10-15,t,365
2020-10-17,t,365
2020-10-18,t,365
2020-10-16,t,365
2020-10-15,t,365
2020-10-15,t,365
2020-10-15,t,365
2020-10-15,t,365
2020-10-15,t,365
2020-10-16,t,365
2020-10-16,t,365
2020-10-18,t,365
2020-10-18,t,365
2020-10-16,t,365
2020-10-15,t,365
2020-10-20,t,365
2020-10-18,t,365
2020-10-14,t,365
2020-10-18,t,365
2020-10-16,t,365
2020-10-17,t,365
2020-10-15,t,365
2020-10-15,t,365
2020-10-19,t,365
2020-10-18,t,365
2020-10-16,t,365
2020-10-16,t,365
2020-10-15,t,365
2020-10-15,t,365
2020-10-16,t,365
2020-10-16,t,365
2020-10-19,t,365
2020-10-15,t,365
2020-10-19,t,365
2020-10-19,t,365
2020-10-17,t,365
2020-10-18,t,365
2020-10-18,t,365
2020-10-16,t,365
2020-10-14,t,365
2020-10-18,t,365
2020-10-19,t,365
2020-10-16,t,365
2020-10-20,t,365
2020-10-20,t,365
2020-10-15,t,365
2020-10-17,t,365
2020-10-21,t,365
2020-10-15,t,365
2020-10-16,t,365
2020-10-16,t,365
2020-10-15,t,365
2020-10-17,t,365
2020-10-15,t,365
2020-10-17,t,365
2020-10-14,t,365
2020-10-16,t,365
2020-10-19,t,365
2020-10-19,t,365
2020-10-18,t,365
2020-10-18,t,365
2020-10-19,t,365
2020-10-19,t,365
2020-10-14,t,365
2020-10-16,t,365
2020-10-15,t,365
2020-10-16,t,365
2020-10-14,t,365
2020-10-17,t,365
2020-10-20,t,365
2020-10-15,t,365
2020-10-15,t,365
2020-10-16,t,365
2020-10-18,t,365
2020-10-15,t,365
2020-10-15,t,365
2020-10-20,t,365
2020-10-16,t,365
2020-10-19,t,365
2020-10-17,t,365
2020-10-15,t,365
2020-10-15,t,365
2020-10-20,t,365
2020-10-19,t,365
2020-10-20,t,365
2020-10-17,t,365
2020-10-15,t,365
2020-10-16,t,365
2020-10-17,t,365
2020-10-16,t,365
2020-10-15,t,365
2020-10-16,t,365
2020-10-17,t,365
2020-10-19,t,365
2020-10-20,t,365
2020-10-20,t,365
2020-10-21,t,365
2020-10-19,t,365
2020-10-16,t,365
2020-10-18,t,365
2020-10-17,t,365
2020-10-19,t,365
2020-10-18,t,365
2020-10-20,t,365
2020-10-16,t,365
2020-10-18,t,365
2020-10-17,t,365
2020-10-16,t,365
2020-10-17,t,365
2020-10-15,t,365
2020-10-17,t,365
2020-10-16,t,365
2020-10-14,t,365
2020-10-18,t,365
2020-10-16,t,365
2020-10-15,t,365
2020-10-15,t,365
2020-10-15,t,365
2020-10-16,t,365
2020-10-16,t,365
2020-10-18,t,365
2020-10-16,t,365
2020-10-19,t,365
2020-10-15,t,365
2020-10-21,t,365
2020-10-19,t,365
2020-10-18,t,365
2020-10-18,t,365
2020-10-20,t,365
2020-10-14,t,365
2020-10-19,t,365
2020-10-15,t,365
2020-10-15,t,365
2020-10-17,t,365
2020-10-19,t,365
2020-10-16,t,365
2020-10-16,t,365
2020-10-14,t,365
2020-10-16,t,365
2020-10-14,t,365
2020-10-14,t,365
2020-10-18,t,365
2020-10-15,t,365
2020-10-18,t,365
2020-10-15,t,365
2020-10-15,t,365
2020-10-19,t,365
2020-10-20,t,365
2020-10-16,t,365
2020-10-20,t,365
2020-10-18,t,365
2020-10-19,t,365
2020-10-15,t,365
2020-10-19,t,365
2020-10-18,t,365
2020-10-15,t,365
2020-10-19,t,365
2020-10-16,t,365
2020-10-16,t,365
2020-10-15,t,365
2020-10-20,t,365
2020-10-18,t,365
2020-10-15,t,365
2020-10-19,t,365
2020-10-18,t,365
2020-10-20,t,365
2020-10-18,t,365
2020-10-14,t,365
2020-10-15,t,365
2020-10-16,t,365
2020-10-16,t,365
2020-10-16,t,365
2020-10-18,t,365
2020-10-17,t,365
2020-10-20,t,365
2020-10-15,t,365
2020-10-15,t,365
2020-10-17,t,365
2020-10-17,t,365
2020-10-16,t,365
2020-10-16,t,365
2020-10-15,t,365
2020-10-19,t,365
2020-10-18,t,365
2020-10-16,t,365
2020-10-15,t,365
2020-10-17,t,365
2020-10-16,t,365
2020-10-17,t,365
2020-10-15,t,365
2020-10-20,t,365
2020-10-16,t,365
2020-10-14,t,365
2020-10-18,t,365
2020-10-19,t,365
2020-10-17,t,365
2020-10-16,t,365
2020-10-15,t,365
2020-10-18,t,365
2020-10-14,t,365
2020-10-17,t,365
2020-10-14,t,365
2020-10-17,t,365
2020-10-15,t,365
2020-10-20,t,365
2020-10-16,t,365
2020-10-15,t,365
2020-10-15,t,365
2020-10-20,t,365
2020-10-19,t,365
2020-10-20,t,365
2020-10-18,t,365
2020-10-15,t,365
2020-10-15,t,365
2020-10-17,t,365
2020-10-18,t,365
2020-10-16,t,365
2020-10-19,t,365
2020-10-14,t,365
2020-10-17,t,365
2020-10-16,t,365
2020-10-17,t,365
2020-10-16,t,365
2020-10-17,t,365
2020-10-15,t,365
2020-10-14,t,365
2020-10-14,t,365
2020-10-15,t,365
2020-10-18,t,365
2020-10-19,t,365
2020-10-18,t,365
2020-10-15,t,365
2020-10-15,t,365
2020-10-20,t,365
2020-10-18,t,365
2020-10-18,t,365
2020-10-14,t,365
2020-10-17,t,365
2020-10-15,t,365
2020-10-15,t,365
2020-10-18,t,365
2020-10-14,t,365
2020-10-15,t,365
2020-10-16,t,365
2020-10-16,t,365
2020-10-14,t,365
2020-10-15,t,365
2020-10-17,t,365
2020-10-15,t,365
2020-10-20,t,365
2020-10-20,t,365
2020-10-15,t,365
2020-10-16,t,365
2020-10-15,t,365
2020-10-15,t,365
2020-10-17,t,365
2020-10-19,t,365
2020-10-19,t,365
2020-10-15,t,365
2020-10-19,t,365
2020-10-14,t,365
2020-10-16,t,365
2020-10-17,t,365
2020-10-16,t,365
2020-10-15,t,365
2020-10-15,t,365
2020-10-14,t,365
2020-10-17,t,365
2020-10-15,t,365
2020-10-19,t,365
2020-10-18,t,365
2020-10-15,t,365
2020-10-16,t,365
2020-10-14,t,365
2020-10-15,t,365
2020-10-15,t,365
2020-10-20,t,365
2020-10-15,t,365
2020-10-15,t,365
2020-10-17,t,365
2020-10-18,t,365
2020-10-20,t,365
2020-10-17,t,365
2020-10-15,t,365
2020-10-17,t,365
2020-10-20,t,365
2020-10-16,t,365
2020-10-16,t,365
2020-10-18,t,365
2020-10-16,t,365
2020-10-19,t,365
2020-10-13,t,365
2020-10-18,t,365
2020-10-16,t,365
2020-10-18,t,365
2020-10-16,t,365
2020-10-15,t,365
2020-10-16,t,365
2020-10-17,t,365
2020-10-19,t,365
2020-10-16,t,365
2020-10-17,t,365
2020-10-17,t,365
2020-10-16,t,365
2020-10-18,t,365
2020-10-15,t,365
2020-10-21,t,365
2020-10-19,t,365
2020-10-16,t,365
2020-10-15,t,365
2020-10-19,t,365
2020-10-15,t,365
2020-10-15,t,365
2020-10-17,t,365
2020-10-18,t,365
2020-10-19,t,365
2020-10-14,t,365
2020-10-16,t,365
2020-10-16,t,365
2020-10-18,t,365
2020-10-19,t,365
2020-10-15,t,365
2020-10-15,t,365
2020-10-19,t,365
2020-10-17,t,365
2020-10-15,t,365
2020-10-15,t,365
2020-10-17,t,365
2020-10-16,t,365
2020-10-18,t,365
2020-10-16,t,365
2020-10-16,t,365
2020-10-16,t,365
2020-10-16,t,365
2020-10-15,t,365
2020-10-17,t,365
2020-10-17,t,365
2020-10-20,t,365
2020-10-15,t,365
2020-10-15,t,365
2020-10-15,t,365
2020-10-14,t,365
2020-10-17,t,365
2020-10-16,t,365
2020-10-17,t,365
2020-10-19,t,365
2020-10-16,t,365
2020-10-17,t,365
2020-10-16,t,365
2020-10-20,t,365
2020-10-17,t,365
2020-10-14,t,365
2020-10-19,t,365
2020-10-17,t,365
2020-10-18,t,365
2020-10-17,t,365
2020-10-15,t,365
2020-10-19,t,365
2020-10-18,t,365
2020-10-18,t,365
2020-10-17,t,365
2020-10-17,t,365
2020-10-18,t,365
2020-10-15,t,365
2020-10-17,t,365
2020-10-16,t,365
2020-10-18,t,365
2020-10-17,t,365
2020-10-17,t,365
2020-10-19,t,365
2020-10-16,t,365
2020-10-19,t,365
2020-10-14,t,365
2020-10-19,t,365
2020-10-19,t,365
2020-10-18,t,365
2020-10-17,t,365
2020-10-19,t,365
2020-10-17,t,365
2020-10-16,t,365
2020-10-15,t,365
2020-10-17,t,365
2020-10-16,t,365
2020-10-15,t,365
2020-10-15,t,365
2020-10-17,t,365
2020-10-17,t,365
2020-10-18,t,365
2020-10-16,t,365
2020-10-21,t,365
2020-10-15,t,365
2020-10-15,t,365
2020-10-18,t,365
2020-10-17,t,365
2020-10-18,t,365
2020-10-16,t,365
2020-10-15,t,365
2020-10-15,t,365
2020-10-15,t,365
2020-10-15,t,365
2020-10-20,t,365
2020-10-19,t,365
2020-10-18,t,365
2020-10-20,t,365
2020-10-20,t,365
2020-10-17,t,365
2020-10-15,t,365
2020-10-18,t,365
2020-10-17,t,365
2020-10-15,t,365
2020-10-18,t,365
2020-10-17,t,365
2020-10-20,t,365
2020-10-15,t,365
2020-10-16,t,365
2020-10-18,t,365
2020-10-17,t,365
2020-10-16,t,365
2020-10-19,t,365
2020-10-15,t,365
2020-10-15,t,365
2020-10-16,t,365
2020-10-14,t,365
2020-10-19,t,365
2020-10-16,t,365
2020-10-18,t,365
2020-10-16,t,365
2020-10-18,t,365
2020-10-15,t,365
2020-10-17,t,365
2020-10-17,t,365
2020-10-18,t,365
2020-10-15,t,365
2020-10-15,t,365
2020-10-19,t,365
2020-10-18,t,365
2020-10-15,t,365
2020-10-15,t,365
2020-10-19,t,365
2020-10-17,t,365
2020-10-19,t,365
2020-10-18,t,365
2020-10-17,t,365
2020-10-15,t,365
2020-10-15,t,365
2020-10-18,t,365
2020-10-18,t,365
2020-10-18,t,365
2020-10-18,t,365
2020-10-15,t,365
2020-10-15,t,365
2020-10-17,t,365
2020-10-17,t,365
2020-10-15,t,365
2020-10-14,t,365
2020-10-15,t,365
2020-10-15,t,365
2020-10-18,t,365
2020-10-15,t,365
2020-10-15,t,365
2020-10-16,t,365
2020-10-15,t,365
2020-10-20,t,365
2020-10-15,t,365
2020-10-17,t,365
2020-10-17,t,365
2020-10-16,t,365
2020-10-19,t,365
2020-10-16,t,365
2020-10-18,t,365
2020-10-17,t,365
2020-10-15,t,365
2020-10-15,t,365
2020-10-19,t,365
2020-10-18,t,365
2020-10-18,t,365
2020-10-14,t,365
2020-10-16,t,365
2020-10-18,t,365
2020-10-17,t,365
2020-10-18,t,365
2020-10-14,t,365
2020-10-15,t,365
2020-10-19,t,365
2020-10-16,t,365
2020-10-16,t,365
2020-10-18,t,365
2020-10-17,t,365
2020-10-18,t,365
2020-10-17,t,365
2020-10-15,t,365
2020-10-18,t,365
2020-10-16,t,365
2020-10-15,t,365
2020-10-17,t,365
2020-10-18,t,365
2020-10-19,t,365
2020-10-14,t,365
2020-10-16,t,365
2020-10-15,t,365
2020-10-13,t,365
2020-10-16,t,365
2020-10-20,t,365
2020-10-14,t,365
2020-10-15,t,365
2020-10-19,t,365
2020-10-20,t,365
2020-10-17,t,365
2020-10-15,t,365
2020-10-19,t,365
2020-10-14,t,365
2020-10-15,t,365
2020-10-15,t,365
2020-10-17,t,365
2020-10-16,t,365
2020-10-20,t,365
2020-10-16,t,365
2020-10-17,t,365
2020-10-19,t,365
2020-10-17,t,365
2020-10-18,t,365
2020-10-15,t,365
2020-10-20,t,365
2020-10-15,t,365
2020-10-18,t,365
2020-10-18,t,365
2020-10-17,t,365
2020-10-16,t,365
2020-10-20,t,365
2020-10-19,t,365
2020-10-16,t,365
2020-10-20,t,365
2020-10-19,t,365
2020-10-16,t,365
2020-10-15,t,365
2020-10-14,t,365
2020-10-15,t,365
2020-10-18,t,365
2020-10-17,t,365
2020-10-18,t,365
2020-10-17,t,365
2020-10-16,t,365
2020-10-18,t,365
2020-10-17,t,365
2020-10-14,t,365
2020-10-16,t,365
2020-10-15,t,365
2020-10-18,t,365
2020-10-14,t,365
2020-10-18,t,365
2020-10-15,t,365
2020-10-15,t,365
2020-10-17,t,365
2020-10-15,t,365
2020-10-18,t,365
2020-10-18,t,365
2020-10-17,t,365
2020-10-15,t,365
2020-10-18,t,365
2020-10-15,t,365
2020-10-17,t,365
2020-10-15,t,365
2020-10-15,t,365
2020-10-14,t,365
2020-10-14,t,365
2020-10-16,t,365
2020-10-18,t,365
2020-10-14,t,365
2020-10-14,t,365
2020-10-19,t,365
2020-10-16,t,365
2020-10-17,t,365
2020-10-15,t,365
2020-10-17,t,365
2020-10-15,t,365
2020-10-19,t,365
2020-10-17,t,365
2020-10-18,t,365
2020-10-18,t,365
2020-10-18,t,365
2020-10-15,t,365
2020-10-15,t,365
2020-10-14,t,365
2020-10-15,t,365
2020-10-19,t,365
2020-10-15,t,365
2020-10-15,t,365
2020-10-15,t,365
2020-10-17,t,365
2020-10-15,t,365
2020-10-18,t,365
2020-10-15,t,365
2020-10-18,t,365
2020-10-19,t,365
2020-10-14,t,365
2020-10-15,t,365
2020-10-15,t,365
2020-10-14,t,365
2020-10-15,t,365
2020-10-16,t,365
2020-10-15,t,365
2020-10-17,t,365
2020-10-16,t,365
2020-10-18,t,365
2020-10-17,t,365
2020-10-17,t,365
2020-10-19,t,365
2020-10-19,t,365
2020-10-15,t,365
2020-10-17,t,365
2020-10-14,t,365
2020-10-16,t,365
2020-10-17,t,365
2020-10-18,t,365
2020-10-19,t,365
2020-10-15,t,365
2020-10-19,t,365
2020-10-18,t,365
2020-10-16,t,365
2020-10-19,t,365
2020-10-18,t,365
2020-10-17,t,365
2020-10-15,t,365
2020-10-15,t,365
2020-10-18,t,365
2020-10-16,t,365
2020-10-15,t,365
2020-10-16,t,365
2020-10-19,t,365
2020-10-14,t,365
2020-10-20,t,365
2020-10-14,t,365
2020-10-21,t,365
2020-10-15,t,365
2020-10-18,t,365
2020-10-16,t,365
2020-10-20,t,365
2020-10-17,t,365
2020-10-18,t,365
2020-10-20,t,365
2020-10-19,t,365
2020-10-20,t,365
2020-10-17,t,365
2020-10-16,t,365
2020-10-16,t,365
2020-10-17,t,365
2020-10-16,t,365
2020-10-16,t,365
2020-10-15,t,365
2020-10-20,t,365
2020-10-17,t,365
2020-10-16,t,365
2020-10-15,t,365
2020-10-18,t,365
2020-10-16,t,365
2020-10-17,t,365
2020-10-19,t,365
2020-10-15,t,365
2020-10-16,t,365
2020-10-20,t,365
2020-10-15,t,365
2020-10-15,t,365
2020-10-17,t,365
2020-10-18,t,365
2020-10-15,t,365
2020-10-18,t,365
2020-10-17,t,365
2020-10-15,t,365
2020-10-18,t,365
2020-10-17,t,365
2020-10-17,t,365
2020-10-17,t,365
2020-10-20,t,365
2020-10-17,t,365
2020-10-20,t,365
2020-10-15,t,365
2020-10-15,t,365
2020-10-14,t,365
2020-10-17,t,365
2020-10-17,t,365
2020-10-16,t,365
2020-10-19,t,365
2020-10-17,t,365
2020-10-21,t,365
2020-10-17,t,365
2020-10-17,t,365
2020-10-20,t,365
2020-10-19,t,365
2020-10-19,t,365
2020-10-18,t,365
2020-10-15,t,365
2020-10-20,t,365
2020-10-18,t,365
2020-10-15,t,365
2020-10-15,t,365
2020-10-16,t,365
2020-10-18,t,365
2020-10-14,t,365
2020-10-18,t,365
2020-10-15,t,365
2020-10-18,t,365
2020-10-18,t,365
2020-10-19,t,365
2020-10-15,t,365
2020-10-15,t,365
2020-10-14,t,365
2020-10-14,t,365
2020-10-21,t,365
2020-10-16,t,365
2020-10-16,t,365
2020-10-20,t,365
2020-10-18,t,365
2020-10-16,t,365
2020-10-15,t,365
2020-10-16,t,365
2020-10-21,t,365
2020-10-16,t,365
2020-10-16,t,365
2020-10-16,t,365
2020-10-15,t,365
2020-10-17,t,365
2020-10-17,t,365
2020-10-15,t,365
2020-10-15,t,365
2020-10-16,t,365
2020-10-19,t,365
2020-10-19,t,365
2020-10-15,t,365
2020-10-18,t,365
2020-10-15,t,365
2020-10-15,t,365
2020-10-16,t,365
2020-10-14,t,365
2020-10-16,t,365
2020-10-19,t,365
2020-10-21,t,365
2020-10-15,t,365
2020-10-20,t,365
2020-10-16,t,365
2020-10-18,t,365
2020-10-16,t,365
2020-10-17,t,365
2020-10-15,t,365
2020-10-20,t,365
2020-10-17,t,365
2020-10-20,t,365
2020-10-17,t,365
2020-10-15,t,365
2020-10-15,t,365
2020-10-17,t,365
2020-10-19,t,365
2020-10-15,t,365
2020-10-18,t,365
2020-10-15,t,365
2020-10-16,t,365
2020-10-17,t,365
2020-10-18,t,365
2020-10-16,t,365
2020-10-16,t,365
2020-10-20,t,365
2020-10-18,t,365
2020-10-18,t,365
2020-10-16,t,365
2020-10-20,t,365
2020-10-16,t,365
2020-10-16,t,365
2020-10-15,t,365
2020-10-15,t,365
2020-10-18,t,365
2020-10-17,t,365
2020-10-18,t,365
2020-10-16,t,365
2020-10-16,t,365
2020-10-15,t,365
2020-10-14,t,365
2020-10-19,t,365
2020-10-17,t,365
2020-10-18,t,365
2020-10-14,t,365
2020-10-19,t,365
2020-10-15,t,365
2020-10-15,t,365
2020-10-17,t,365
2020-10-15,t,365
2020-10-21,t,365
2020-10-20,t,365
2020-10-17,t,365
2020-10-16,t,365
2020-10-18,t,365
2020-10-14,t,365
2020-10-17,t,365
2020-10-17,t,365
2020-10-18,t,365
2020-10-18,t,365
2020-10-19,t,365
2020-10-19,t,365
2020-10-16,t,365
2020-10-17,t,365
2020-10-20,t,365
2020-10-18,t,365
2020-10-18,t,365
2020-10-15,t,365
2020-10-14,t,365
2020-10-16,t,365
2020-10-19,t,365
2020-10-18,t,365
2020-10-16,t,365
2020-10-17,t,365
2020-10-19,t,365
2020-10-18,t,365
2020-10-15,t,365
2020-10-15,t,365
2020-10-19,t,365
2020-10-16,t,365
2020-10-16,t,365
2020-10-16,t,365
2020-10-18,t,365
2020-10-15,t,365
2020-10-16,t,365
2020-10-19,t,365
2020-10-16,t,365
2020-10-15,t,365
2020-10-15,t,365
2020-10-16,t,365
2020-10-20,t,365
2020-10-15,t,365
2020-10-15,t,365
2020-10-18,t,365
2020-10-20,t,365
2020-10-15,t,365
2020-10-17,t,365
2020-10-18,t,365
2020-10-17,t,365
2020-10-16,t,365
2020-10-15,t,365
2020-10-16,t,365
2020-10-16,t,365
2020-10-17,t,365
2020-10-18,t,365
2020-10-17,t,365
2020-10-17,t,365
2020-10-19,t,365
2020-10-17,t,365
2020-10-20,t,365
2020-10-15,t,365
2020-10-14,t,365
2020-10-16,t,365
2020-10-14,t,365
2020-10-20,t,365
2020-10-17,t,365
2020-10-16,t,365
2020-10-18,t,365
2020-10-15,t,365
2020-10-15,t,365
2020-10-15,t,365
2020-10-16,t,365
2020-10-20,t,365
2020-10-17,t,365
2020-10-14,t,365
2020-10-14,t,365
2020-10-16,t,365
2020-10-17,t,365
2020-10-17,t,365
2020-10-14,t,365
2020-10-18,t,365
2020-10-15,t,365
2020-10-15,t,365
2020-10-19,t,365
2020-10-16,t,365
2020-10-17,t,365
2020-10-19,t,365
2020-10-16,t,365
2020-10-18,t,365
2020-10-16,t,365
2020-10-19,t,365
2020-10-16,t,365
2020-10-18,t,365
2020-10-18,t,365
2020-10-18,t,365
2020-10-17,t,365
2020-10-18,t,365
2020-10-15,t,365
2020-10-18,t,365
2020-10-19,t,365
2020-10-18,t,365
2020-10-20,t,365
2020-10-15,t,365
2020-10-15,t,365
2020-10-15,t,365
2020-10-19,t,365
2020-10-15,t,365
2020-10-15,t,365
2020-10-19,t,365
2020-10-17,t,365
2020-10-15,t,365
2020-10-19,t,365
2020-10-15,t,365
2020-10-14,t,365
2020-10-15,t,365
2020-10-18,t,365
2020-10-16,t,365
2020-10-18,t,365
2020-10-14,t,365
2020-10-19,t,365
2020-10-14,t,365
2020-10-14,t,365
2020-10-18,t,365
2020-10-16,t,365
2020-10-17,t,365
2020-10-15,t,365
2020-10-15,t,365
2020-10-14,t,365
2020-10-19,t,365
2020-10-17,t,365
2020-10-17,t,365
2020-10-16,t,365
2020-10-17,t,365
2020-10-15,t,365
2020-10-14,t,365
2020-10-14,t,365
2020-10-18,t,365
2020-10-17,t,365
2020-10-19,t,365
2020-10-16,t,365
2020-10-15,t,365
2020-10-16,t,365
2020-10-17,t,365
2020-10-17,t,365
2020-10-19,t,365
2020-10-16,t,365
2020-10-19,t,365
2020-10-20,t,365
2020-10-16,t,365
2020-10-15,t,365
2020-10-19,t,365
2020-10-16,t,365
2020-10-15,t,365
2020-10-15,t,365
2020-10-20,t,365
2020-10-20,t,365
2020-10-15,t,365
2020-10-14,t,365
2020-10-18,t,365
2020-10-15,t,365
2020-10-15,t,365
2020-10-19,t,365
2020-10-18,t,365
2020-10-18,t,365
2020-10-20,t,365
2020-10-20,t,365
2020-10-17,t,365
2020-10-16,t,365
2020-10-17,t,365
2020-10-19,t,365
2020-10-18,t,365
2020-10-18,t,365
2020-10-16,t,365
2020-10-18,t,365
2020-10-19,t,365
2020-10-17,t,365
2020-10-15,t,365
2020-10-18,t,365
2020-10-18,t,365
2020-10-17,t,365
2020-10-20,t,365
2020-10-14,t,365
2020-10-18,t,365
2020-10-15,t,365
2020-10-19,t,365
2020-10-18,t,365
2020-10-18,t,365
2020-10-16,t,365
2020-10-20,t,365
2020-10-17,t,365
2020-10-18,t,365
2020-10-15,t,365
2020-10-21,t,365
2020-10-16,t,365
2020-10-20,t,365
2020-10-14,t,365
2020-10-15,t,365
2020-10-17,t,365
2020-10-20,t,365
2020-10-19,t,365
2020-10-15,t,365
2020-10-19,t,365
2020-10-15,t,365
2020-10-15,t,365
2020-10-17,t,365
2020-10-20,t,365
2020-10-15,t,365
2020-10-15,t,365
2020-10-17,t,365
2020-10-14,t,365
2020-10-15,t,365
2020-10-17,t,365
2020-10-15,t,365
2020-10-15,t,365
2020-10-20,t,365
2020-10-15,t,365
2020-10-17,t,365
2020-10-15,t,365
2020-10-15,t,365
2020-10-15,t,365
2020-10-14,t,365
2020-10-18,t,365
2020-10-15,t,365
2020-10-15,t,365
2020-10-18,t,365
2020-10-20,t,365
2020-10-14,t,365
2020-10-19,t,365
2020-10-17,t,365
2020-10-16,t,365
2020-10-15,t,365
2020-10-15,t,365
2020-10-18,t,365
2020-10-15,t,365
2020-10-18,t,365
2020-10-15,t,365
2020-10-19,t,365
2020-10-15,t,365
2020-10-16,t,365
2020-10-16,t,365
2020-10-16,t,365
2020-10-15,t,365
2020-10-20,t,365
2020-10-18,t,365
2020-10-19,t,365
2020-10-18,t,365
2020-10-17,t,365
2020-10-17,t,365
2020-10-18,t,365
2020-10-15,t,365
2020-10-17,t,365
2020-10-18,t,365
2020-10-17,t,365
2020-10-18,t,365
2020-10-20,t,365
2020-10-15,t,365
2020-10-15,t,365
2020-10-16,t,365
2020-10-15,t,365
2020-10-14,t,365
2020-10-16,t,365
2020-10-15,t,365
2020-10-18,t,365
2020-10-15,t,365
2020-10-18,t,365
2020-10-15,t,365
2020-10-15,t,365
2020-10-19,t,365
2020-10-14,t,365
2020-10-18,t,365
2020-10-19,t,365
2020-10-14,t,365
2020-10-15,t,365
2020-10-16,t,365
2020-10-20,t,365
2020-10-20,t,365
2020-10-16,t,365
2020-10-19,t,365
2020-10-15,t,365
2020-10-16,t,365
2020-10-18,t,365
2020-10-15,t,365
2020-10-20,t,365
2020-10-18,t,365
2020-10-16,t,365
2020-10-16,t,365
2020-10-15,t,365
2020-10-17,t,365
2020-10-16,t,365
2020-10-20,t,365
2020-10-18,t,365
2020-10-15,t,365
2020-10-16,t,365
2020-10-15,t,365
2020-10-15,t,365
2020-10-20,t,365
2020-10-18,t,365
2020-10-18,t,365
2020-10-14,t,365
2020-10-15,t,365
2020-10-15,t,365
2020-10-17,t,365
2020-10-14,t,365
2020-10-17,t,365
2020-10-12,t,365
2020-10-20,t,365
2020-10-15,t,365
2020-10-20,t,365
2020-10-18,t,365
2020-10-19,t,365
2020-10-15,t,365
2020-10-20,t,365
2020-10-20,t,365
2020-10-16,t,365
2020-10-15,t,365
2020-10-19,t,365
2020-10-17,t,365
2020-10-16,t,365
2020-10-14,t,365
2020-10-18,t,365
2020-10-14,t,365
2020-10-15,t,365
2020-10-15,t,365
2020-10-18,t,365
2020-10-15,t,365
2020-10-18,t,365
2020-10-17,t,365
2020-10-15,t,365
2020-10-15,t,365
2020-10-17,t,365
2020-10-19,t,365
2020-10-20,t,365
2020-10-16,t,365
2020-10-17,t,365
2020-10-20,t,365
2020-10-15,t,365
2020-10-15,t,365
2020-10-14,t,365
2020-10-18,t,365
2020-10-18,t,365
2020-10-16,t,365
2020-10-16,t,365
2020-10-18,t,365
2020-10-19,t,365
2020-10-14,t,365
2020-10-18,t,365
2020-10-17,t,365
2020-10-18,t,365
2020-10-14,t,365
2020-10-18,t,365
2020-10-19,t,365
2020-10-17,t,365
2020-10-15,t,365
2020-10-19,t,365
2020-10-15,t,365
2020-10-15,t,365
2020-10-15,t,365
2020-10-17,t,365
2020-10-18,t,365
2020-10-16,t,365
2020-10-15,t,365
2020-10-20,t,365
2020-10-19,t,365
2020-10-19,t,365
2020-10-18,t,365
2020-10-15,t,365
2020-10-15,t,365
2020-10-15,t,365
2020-10-12,t,365
2020-10-14,t,365
2020-10-16,t,365
2020-10-19,t,365
2020-10-20,t,365
2020-10-17,t,365
2020-10-20,t,365
2020-10-18,t,365
2020-10-18,t,365
2020-10-17,t,365
2020-10-20,t,365
2020-10-18,t,365
2020-10-15,t,365
2020-10-19,t,365
2020-10-16,t,365
2020-10-16,t,365
2020-10-17,t,365
2020-10-16,t,365
2020-10-16,t,365
2020-10-16,t,365
2020-10-15,t,365
2020-10-15,t,365
2020-10-18,t,365
2020-10-19,t,365
2020-10-16,t,365
2020-10-16,t,365
2020-10-16,t,365
2020-10-16,t,365
2020-10-16,t,365
2020-10-17,t,365
2020-10-16,t,365
2020-10-20,t,365
2020-10-18,t,365
2020-10-18,t,365
2020-10-15,t,365
2020-10-18,t,365
2020-10-16,t,365
2020-10-15,t,365
2020-10-20,t,365
2020-10-17,t,365
2020-10-16,t,365
2020-10-18,t,365
2020-10-18,t,365
2020-10-15,t,365
2020-10-15,t,365
2020-10-16,t,365
2020-10-14,t,365
2020-10-18,t,365
2020-10-19,t,365
2020-10-20,t,365
2020-10-16,t,365
2020-10-15,t,365
2020-10-20,t,365
2020-10-17,t,365
2020-10-19,t,365
2020-10-15,t,365
2020-10-15,t,365
2020-10-17,t,365
2020-10-19,t,365
2020-10-16,t,365
2020-10-20,t,365
2020-10-20,t,365
2020-10-19,t,365
2020-10-16,t,365
2020-10-14,t,365
2020-10-17,t,365
2020-10-16,t,365
2020-10-18,t,365
2020-10-14,t,365
2020-10-19,t,365
2020-10-17,t,365
2020-10-16,t,365
2020-10-15,t,365
2020-10-18,t,365
2020-10-14,t,365
2020-10-18,t,365
2020-10-18,t,365
2020-10-16,t,365
2020-10-16,t,365
2020-10-14,t,365
2020-10-20,t,365
2020-10-18,t,365
2020-10-15,t,365
2020-10-15,t,365
2020-10-15,t,365
2020-10-19,t,365
2020-10-20,t,365
2020-10-14,t,365
2020-10-17,t,365
2020-10-17,t,365
2020-10-16,t,365
2020-10-16,t,365
2020-10-19,t,365
2020-10-15,t,365
2020-10-17,t,365
2020-10-16,t,365
2020-10-14,t,365
2020-10-15,t,365
2020-10-16,t,365
2020-10-16,t,365
2020-10-15,t,365
2020-10-19,t,365
2020-10-19,t,365
2020-10-15,t,365
2020-10-20,t,365
2020-10-18,t,365
2020-10-15,t,365
2020-10-20,t,365
2020-10-15,t,365
2020-10-18,t,365
2020-10-15,t,365
2020-10-17,t,365
2020-10-15,t,365
2020-10-18,t,365
2020-10-14,t,365
2020-10-15,t,365
2020-10-14,t,365
2020-10-15,t,365
2020-10-15,t,365
2020-10-15,t,365
2020-10-14,t,365
2020-10-16,t,365
2020-10-18,t,365
2020-10-15,t,365
2020-10-16,t,365
2020-10-15,t,365
2020-10-18,t,365
2020-10-18,t,365
2020-10-17,t,365
2020-10-20,t,365
2020-10-18,t,365
2020-10-14,t,365
2020-10-19,t,365
2020-10-20,t,365
2020-10-18,t,365
2020-10-15,t,365
2020-10-16,t,365
2020-10-15,t,365
2020-10-17,t,365
2020-10-17,t,365
2020-10-19,t,365
2020-10-16,t,365
2020-10-17,t,365
2020-10-17,t,365
2020-10-15,t,365
2020-10-15,t,365
2020-10-20,t,365
2020-10-18,t,365
2020-10-16,t,365
2020-10-18,t,365
2020-10-14,t,365
2020-10-17,t,365
2020-10-15,t,365
2020-10-16,t,365
2020-10-18,t,365
2020-10-19,t,365
2020-10-16,t,365
2020-10-16,t,365
2020-10-16,t,365
2020-10-16,t,365
2020-10-14,t,365
2020-10-18,t,365
2020-10-20,t,365
2020-10-15,t,365
2020-10-15,t,365
2020-10-15,t,365
2020-10-15,t,365
2020-10-15,t,365
2020-10-14,t,365
2020-10-17,t,365
2020-10-15,t,365
2020-10-17,t,365
2020-10-19,t,365
2020-10-15,t,365
2020-10-20,t,365
2020-10-20,t,365
2020-10-15,t,365
2020-10-19,t,365
2020-10-20,t,365
2020-10-15,t,365
2020-10-15,t,365
2020-10-15,t,365
2020-10-15,t,365
2020-10-16,t,365
2020-10-15,t,365
2020-10-14,t,365
2020-10-15,t,365
2020-10-18,t,365
2020-10-16,t,365
2020-10-18,t,365
2020-10-16,t,365
2020-10-16,t,365
2020-10-18,t,365
2020-10-15,t,365
2020-10-20,t,365
2020-10-15,t,365
2020-10-16,t,365
2020-10-17,t,365
2020-10-17,t,365
2020-10-19,t,365
2020-10-15,t,365
2020-10-16,t,365
2020-10-19,t,365
2020-10-15,t,365
2020-10-19,t,365
2020-10-14,t,365
2020-10-16,t,365
2020-10-18,t,365
2020-10-16,t,365
2020-10-16,t,365
2020-10-17,t,365
2020-10-19,t,365
2020-10-18,t,365
2020-10-12,t,365
2020-10-19,t,365
2020-10-17,t,365
2020-10-16,t,365
2020-10-17,t,365
2020-10-16,t,365
2020-10-18,t,365
2020-10-14,t,365
2020-10-16,t,365
2020-10-14,t,365
2020-10-17,t,365
2020-10-16,t,365
2020-10-16,t,365
2020-10-15,t,365
2020-10-18,t,365
2020-10-16,t,365
2020-10-19,t,365
2020-10-15,t,365
2020-10-16,t,365
2020-10-17,t,365
2020-10-19,t,365
2020-10-19,t,365
2020-10-17,t,365
2020-10-17,t,365
2020-10-18,t,365
2020-10-20,t,365
2020-10-14,t,365
2020-10-17,t,365
2020-10-18,t,365
2020-10-15,t,365
2020-10-16,t,365
2020-10-19,t,365
2020-10-16,t,365
2020-10-19,t,365
2020-10-18,t,365
2020-10-20,t,365
2020-10-16,t,365
2020-10-15,t,365
2020-10-19,t,365
2020-10-17,t,365
2020-10-14,t,365
2020-10-20,t,365
2020-10-15,t,365
2020-10-17,t,365
2020-10-19,t,365
2020-10-20,t,365
2020-10-15,t,365
2020-10-15,t,365
2020-10-15,t,365
2020-10-16,t,365
2020-10-15,t,365
2020-10-15,t,365
2020-10-14,t,365
2020-10-18,t,365
2020-10-16,t,365
2020-10-16,t,365
2020-10-18,t,365
2020-10-17,t,365
2020-10-17,t,365
2020-10-19,t,365
2020-10-16,t,365
2020-10-15,t,365
2020-10-18,t,365
2020-10-15,t,365
2020-10-15,t,365
2020-10-16,t,365
2020-10-15,t,365
2020-10-20,t,365
2020-10-18,t,365
2020-10-20,t,365
2020-10-19,t,365
2020-10-20,t,365
2020-10-14,t,365
2020-10-14,t,365
2020-10-17,t,365
2020-10-16,t,365
2020-10-19,t,365
2020-10-20,t,365
2020-10-14,t,365
2020-10-15,t,365
2020-10-16,t,365
2020-10-18,t,365
2020-10-20,t,365
2020-10-17,t,365
2020-10-16,t,365
2020-10-18,t,365
2020-10-16,t,365
2020-10-15,t,365
2020-10-16,t,365
2020-10-18,t,365
2020-10-18,t,365
2020-10-17,t,365
2020-10-19,t,365
2020-10-16,t,365
2020-10-17,t,365
2020-10-17,t,365
2020-10-20,t,365
2020-10-20,t,365
2020-10-20,t,365
2020-10-18,t,365
2020-10-16,t,365
2020-10-16,t,365
2020-10-16,t,365
2020-10-15,t,365
2020-10-15,t,365
2020-10-18,t,365
2020-10-17,t,365
2020-10-15,t,365
2020-10-18,t,365
2020-10-14,t,365
2020-10-17,t,365
2020-10-16,t,365
2020-10-19,t,365
2020-10-14,t,365
2020-10-20,t,365
2020-10-19,t,365
2020-10-19,t,365
2020-10-18,t,365
2020-10-16,t,365
2020-10-14,t,365
2020-10-18,t,365
2020-10-17,t,365
2020-10-17,t,365
2020-10-15,t,365
2020-10-16,t,365
2020-10-16,t,365
2020-10-19,t,365
2020-10-16,t,365
2020-10-16,t,365
2020-10-15,t,365
2020-10-15,t,365
2020-10-15,t,365
2020-10-20,t,365
2020-10-15,t,365
2020-10-18,t,365
2020-10-15,t,365
2020-10-20,t,365
2020-10-15,t,365
2020-10-14,t,365
2020-10-18,t,365
2020-10-17,t,365
2020-10-19,t,365
2020-10-15,t,365
2020-10-15,t,365
2020-10-16,t,365
2020-10-14,t,365
2020-10-15,t,365
2020-10-15,t,365
2020-10-18,t,365
2020-10-15,t,365
2020-10-19,t,365
2020-10-17,t,365
2020-10-20,t,365
2020-10-15,t,365
2020-10-16,t,365
2020-10-14,t,365
2020-10-14,t,365
2020-10-21,t,365
2020-10-18,t,365
2020-10-18,t,365
2020-10-20,t,365
2020-10-17,t,365
2020-10-17,t,365
2020-10-15,t,365
2020-10-20,t,365
2020-10-19,t,365
2020-10-19,t,365
2020-10-19,t,365
2020-10-17,t,365
2020-10-14,t,365
2020-10-17,t,365
2020-10-16,t,365
2020-10-17,t,365
2020-10-14,t,365
2020-10-15,t,365
2020-10-20,t,365
2020-10-18,t,365
2020-10-20,t,365
2020-10-17,t,365
2020-10-18,t,365
2020-10-19,t,365
2020-10-14,t,365
2020-10-15,t,365
2020-10-17,t,365
2020-10-15,t,365
2020-10-15,t,365
2020-10-19,t,365
2020-10-15,t,365
2020-10-14,t,365
2020-10-16,t,365
2020-10-15,t,365
2020-10-19,t,365
2020-10-15,t,365
2020-10-15,t,365
2020-10-15,t,365
2020-10-14,t,365
2020-10-16,t,365
2020-10-18,t,365
2020-10-18,t,365
2020-10-19,t,365
2020-10-14,t,365
2020-10-15,t,365
2020-10-19,t,365
2020-10-15,t,365
2020-10-17,t,365
2020-10-18,t,365
2020-10-16,t,365
2020-10-15,t,365
2020-10-16,t,365
2020-10-16,t,365
2020-10-15,t,365
2020-10-14,t,365
2020-10-17,t,365
2020-10-14,t,365
2020-10-16,t,365
2020-10-19,t,365
2020-10-15,t,365
2020-10-17,t,365
2020-10-18,t,365
2020-10-15,t,365
2020-10-16,t,365
2020-10-15,t,365
2020-10-15,t,365
2020-10-18,t,365
2020-10-19,t,365
2020-10-20,t,365
2020-10-14,t,365
2020-10-19,t,365
2020-10-15,t,365
2020-10-17,t,365
2020-10-14,t,365
2020-10-19,t,365
2020-10-15,t,365
2020-10-15,t,365
2020-10-18,t,365
2020-10-15,t,365
2020-10-15,t,365
2020-10-14,t,365
2020-10-14,t,365
2020-10-17,t,365
2020-10-16,t,365
2020-10-19,t,365
2020-10-16,t,365
2020-10-20,t,365
2020-10-17,t,365
2020-10-18,t,365
2020-10-17,t,365
2020-10-19,t,365
2020-10-20,t,365
2020-10-18,t,365
2020-10-16,t,365
2020-10-18,t,365
2020-10-17,t,365
2020-10-19,t,365
2020-10-20,t,365
2020-10-14,t,365
2020-10-16,t,365
2020-10-16,t,365
2020-10-15,t,365
2020-10-17,t,365
2020-10-17,t,365
2020-10-19,t,365
2020-10-20,t,365
2020-10-17,t,365
2020-10-15,t,365
2020-10-15,t,365
2020-10-14,t,365
2020-10-19,t,365
2020-10-15,t,365
2020-10-19,t,365
2020-10-19,t,365
2020-10-16,t,365
2020-10-15,t,365
2020-10-20,t,365
2020-10-14,t,365
2020-10-19,t,365
2020-10-18,t,365
2020-10-18,t,365
2020-10-16,t,365
2020-10-14,t,365
2020-10-16,t,365
2020-10-18,t,365
2020-10-14,t,365
2020-10-18,t,365
2020-10-15,t,365
2020-10-16,t,365
2020-10-17,t,365
2020-10-17,t,365
2020-10-16,t,365
2020-10-16,t,365
2020-10-19,t,365
2020-10-18,t,365
2020-10-17,t,365
2020-10-15,t,365
2020-10-19,t,365
2020-10-16,t,365
2020-10-17,t,365
2020-10-20,t,365
2020-10-15,t,365
2020-10-15,t,365
2020-10-19,t,365
2020-10-15,t,365
2020-10-15,t,365
2020-10-14,t,365
2020-10-14,t,365
2020-10-16,t,365
2020-10-16,t,365
2020-10-14,t,365
2020-10-18,t,365
2020-10-20,t,365
2020-10-20,t,365
2020-10-14,t,365
2020-10-15,t,365
2020-10-15,t,365
2020-10-15,t,365
2020-10-18,t,365
2020-10-17,t,365
2020-10-16,t,365
2020-10-17,t,365
2020-10-18,t,365
2020-10-15,t,365
2020-10-16,t,365
2020-10-20,t,365
2020-10-15,t,365
2020-10-16,t,365
2020-10-18,t,365
2020-10-15,t,365
2020-10-15,t,365
2020-10-18,t,365
2020-10-18,t,365
2020-10-15,t,365
2020-10-15,t,365
2020-10-14,t,365
2020-10-19,t,365
2020-10-19,t,365
2020-10-15,t,365
2020-10-15,t,365
2020-10-17,t,365
2020-10-18,t,365
2020-10-20,t,365
2020-10-16,t,365
2020-10-14,t,365
2020-10-16,t,365
2020-10-14,t,365
2020-10-18,t,365
2020-10-18,t,365
2020-10-18,t,365
2020-10-16,t,365
2020-10-19,t,365
2020-10-16,t,365
2020-10-20,t,365
2020-10-18,t,365
2020-10-14,t,365
2020-10-18,t,365
2020-10-16,t,365
2020-10-16,t,365
2020-10-17,t,365
2020-10-18,t,365
2020-10-16,t,365
2020-10-20,t,365
2020-10-15,t,365
2020-10-19,t,365
2020-10-16,t,365
2020-10-15,t,365
2020-10-14,t,365
2020-10-18,t,365
2020-10-19,t,365
2020-10-16,t,365
2020-10-16,t,365
2020-10-15,t,365
2020-10-16,t,365
2020-10-15,t,365
2020-10-15,t,365
2020-10-17,t,365
2020-10-16,t,365
2020-10-18,t,365
2020-10-19,t,365
2020-10-15,t,365
2020-10-20,t,365
2020-10-18,t,365
2020-10-15,t,365
2020-10-15,t,365
2020-10-17,t,365
2020-10-19,t,365
2020-10-14,t,365
2020-10-17,t,365
2020-10-15,t,365
2020-10-16,t,365
2020-10-15,t,365
2020-10-16,t,365
2020-10-20,t,365
2020-10-14,t,365
2020-10-20,t,365
2020-10-15,t,365
2020-10-16,t,365
2020-10-20,t,365
2020-10-18,t,365
2020-10-18,t,365
2020-10-14,t,365
2020-10-15,t,365
2020-10-18,t,365
2020-10-18,t,365
2020-10-18,t,365
2020-10-20,t,365
2020-10-15,t,365
2020-10-16,t,365
2020-10-17,t,365
2020-10-17,t,365
2020-10-15,t,365
2020-10-14,t,365
2020-10-18,t,365
2020-10-20,t,365
2020-10-18,t,365
2020-10-20,t,365
2020-10-18,t,365
2020-10-19,t,365
2020-10-14,t,365
2020-10-14,t,365
2020-10-14,t,365
2020-10-15,t,365
2020-10-20,t,365
2020-10-14,t,365
2020-10-17,t,365
2020-10-14,t,365
2020-10-14,t,365
2020-10-18,t,365
2020-10-16,t,365
2020-10-19,t,365
2020-10-16,t,365
2020-10-14,t,365
2020-10-14,t,365
2020-10-14,t,365
2020-10-15,t,365
2020-10-18,t,365
2020-10-16,t,365
2020-10-19,t,365
2020-10-19,t,365
2020-10-17,t,365
2020-10-19,t,365
2020-10-15,t,365
2020-10-15,t,365
2020-10-18,t,365
2020-10-20,t,365
2020-10-16,t,365
2020-10-17,t,365
2020-10-20,t,365
2020-10-16,t,365
2020-10-19,t,365
2020-10-16,t,365
2020-10-16,t,365
2020-10-18,t,365
2020-10-14,t,365
2020-10-17,t,365
2020-10-16,t,365
2020-10-16,t,365
2020-10-17,t,365
2020-10-19,t,365
2020-10-18,t,365
2020-10-15,t,365
2020-10-19,t,365
2020-10-15,t,365
2020-10-16,t,365
2020-10-19,t,365
2020-10-18,t,365
2020-10-15,t,365
2020-10-20,t,365
2020-10-15,t,365
2020-10-15,t,365
2020-10-14,t,365
2020-10-20,t,365
2020-10-18,t,365
2020-10-16,t,365
2020-10-17,t,365
2020-10-16,t,365
2020-10-15,t,365
2020-10-17,t,365
2020-10-17,t,365
2020-10-15,t,365
2020-10-17,t,365
2020-10-15,t,365
2020-10-15,t,365
2020-10-15,t,365
2020-10-17,t,365
2020-10-15,t,365
2020-10-15,t,365
2020-10-15,t,365
2020-10-17,t,365
2020-10-15,t,365
2020-10-17,t,365
2020-10-16,t,365
2020-10-19,t,365
2020-10-17,t,365
2020-10-14,t,365
2020-10-15,t,365
2020-10-18,t,365
2020-10-15,t,365
2020-10-20,t,365
2020-10-19,t,365
2020-10-17,t,365
2020-10-19,t,365
2020-10-20,t,365
2020-10-15,t,365
2020-10-15,t,365
2020-10-15,t,365
2020-10-18,t,365
2020-10-15,t,365
2020-10-16,t,365
2020-10-15,t,365
2020-10-20,t,365
2020-10-15,t,365
2020-10-15,t,365
2020-10-17,t,365
2020-10-16,t,365
2020-10-18,t,365
2020-10-20,t,365
2020-10-20,t,365
2020-10-15,t,365
2020-10-16,t,365
2020-10-16,t,365
2020-10-18,t,365
2020-10-17,t,365
2020-10-20,t,365
2020-10-16,t,365
2020-10-18,t,365
2020-10-19,t,365
2020-10-16,t,365
2020-10-18,t,365
2020-10-15,t,365
2020-10-18,t,365
2020-10-18,t,365
2020-10-16,t,365
2020-10-18,t,365
2020-10-16,t,365
2020-10-14,t,365
2020-10-20,t,365
2020-10-18,t,365
2020-10-18,t,365
2020-10-17,t,365
2020-10-14,t,365
2020-10-19,t,365
2020-10-14,t,365
2020-10-14,t,365
2020-10-15,t,365
2020-10-16,t,365
2020-10-16,t,365
2020-10-17,t,365
2020-10-14,t,365
2020-10-16,t,365
2020-10-15,t,365
2020-10-19,t,365
2020-10-14,t,365
2020-10-14,t,365
2020-10-15,t,365
2020-10-19,t,365
2020-10-15,t,365
2020-10-19,t,365
2020-10-20,t,365
2020-10-17,t,365
2020-10-15,t,365
2020-10-19,t,365
2020-10-15,t,365
2020-10-14,t,365
2020-10-17,t,365
2020-10-18,t,365
2020-10-15,t,365
2020-10-16,t,365
2020-10-18,t,365
2020-10-16,t,365
2020-10-15,t,365
2020-10-19,t,365
2020-10-15,t,365
2020-10-14,t,365
2020-10-21,t,365
2020-10-16,t,365
2020-10-15,t,365
2020-10-19,t,365
2020-10-17,t,365
2020-10-16,t,365
2020-10-16,t,365
2020-10-18,t,365
2020-10-17,t,365
2020-10-14,t,365
2020-10-18,t,365
2020-10-16,t,365
2020-10-15,t,365
2020-10-16,t,365
2020-10-20,t,365
2020-10-18,t,365
2020-10-19,t,365
2020-10-18,t,365
2020-10-18,t,365
2020-10-14,t,365
2020-10-14,t,365
2020-10-14,t,365
2020-10-18,t,365
2020-10-17,t,365
2020-10-17,t,365
2020-10-19,t,365
2020-10-14,t,365
2020-10-16,t,365
2020-10-16,t,365
2020-10-15,t,365
2020-10-15,t,365
2020-10-21,t,365
2020-10-14,t,365
2020-10-19,t,365
2020-10-16,t,365
2020-10-14,t,365
2020-10-16,t,365
2020-10-16,t,365
2020-10-16,t,365
2020-10-20,t,365
2020-10-17,t,365
2020-10-18,t,365
2020-10-18,t,365
2020-10-16,t,365
2020-10-14,t,365
2020-10-14,t,365
2020-10-16,t,365
2020-10-14,t,365
2020-10-14,t,365
2020-10-14,t,365
2020-10-14,t,365
2020-10-14,t,365
2020-10-14,t,365
2020-10-17,t,365
2020-10-18,t,365
2020-10-15,t,365
2020-10-20,t,365
2020-10-15,t,365
2020-10-14,t,365
2020-10-18,t,365
2020-10-16,t,365
2020-10-16,t,365
2020-10-16,t,365
2020-10-15,t,365
2020-10-21,t,365
2020-10-15,t,365
2020-10-16,t,365
2020-10-16,t,365
2020-10-17,t,365
2020-10-18,t,365
2020-10-15,t,365
2020-10-17,t,365
2020-10-16,t,365
2020-10-15,t,365
2020-10-15,t,365
2020-10-16,t,365
2020-10-18,t,365
2020-10-17,t,365
2020-10-16,t,365
2020-10-16,t,365
2020-10-15,t,365
2020-10-16,t,365
2020-10-14,t,365
2020-10-15,t,365
2020-10-19,t,365
2020-10-18,t,365
2020-10-14,t,365
2020-10-14,t,365
2020-10-19,t,365
2020-10-20,t,365
2020-10-18,t,365
2020-10-19,t,365
2020-10-15,t,365
2020-10-18,t,365
2020-10-15,t,365
2020-10-18,t,365
2020-10-15,t,365
2020-10-19,t,365
2020-10-18,t,365
2020-10-20,t,365
2020-10-18,t,365
2020-10-18,t,365
2020-10-15,t,365
2020-10-14,t,365
2020-10-20,t,365
2020-10-19,t,365
2020-10-14,t,365
2020-10-16,t,365
2020-10-15,t,365
2020-10-16,t,365
2020-10-16,t,365
2020-10-19,t,365
2020-10-20,t,365
2020-10-15,t,365
2020-10-14,t,365
2020-10-15,t,365
2020-10-15,t,365
2020-10-20,t,365
2020-10-15,t,365
2020-10-20,t,365
2020-10-15,t,365
2020-10-14,t,365
2020-10-15,t,365
2020-10-18,t,365
2020-10-14,t,365
2020-10-14,t,365
2020-10-19,t,365
2020-10-15,t,365
2020-10-17,t,365
2020-10-17,t,365
2020-10-15,t,365
2020-10-15,t,365
2020-10-18,t,365
2020-10-20,t,365
2020-10-15,t,365
2020-10-15,t,365
2020-10-16,t,365
2020-10-15,t,365
2020-10-15,t,365
2020-10-15,t,365
2020-10-15,t,365
2020-10-15,t,365
2020-10-18,t,365
2020-10-15,t,365
2020-10-15,t,365
2020-10-17,t,365
2020-10-16,t,365
2020-10-15,t,365
2020-10-16,t,365
2020-10-16,t,365
2020-10-15,t,365
2020-10-17,t,365
2020-10-14,t,365
2020-10-15,t,365
2020-10-15,t,365
2020-10-14,t,365
2020-10-18,t,365
2020-10-15,t,365
2020-10-15,t,365
2020-10-19,t,365
2020-10-18,t,365
2020-10-18,t,365
2020-10-15,t,365
2020-10-15,t,365
2020-10-19,t,365
2020-10-14,t,365
2020-10-16,t,365
2020-10-17,t,365
2020-10-20,t,365
2020-10-20,t,365
2020-10-17,t,365
2020-10-21,t,365
2020-10-16,t,365
2020-10-18,t,365
2020-10-20,t,365
2020-10-17,t,365
2020-10-14,t,365
2020-10-19,t,365
2020-10-20,t,365
2020-10-18,t,365
2020-10-18,t,365
2020-10-19,t,365
2020-10-14,t,365
2020-10-15,t,365
2020-10-20,t,365
2020-10-15,t,365
2020-10-15,t,365
2020-10-18,t,365
2020-10-19,t,365
2020-10-15,t,365
2020-10-18,t,365
2020-10-20,t,365
2020-10-15,t,365
2020-10-16,t,365
2020-10-14,t,365
2020-10-18,t,365
2020-10-18,t,365
2020-10-15,t,365
2020-10-16,t,365
2020-10-16,t,365
2020-10-17,t,365
2020-10-18,t,365
2020-10-15,t,365
2020-10-14,t,365
2020-10-16,t,365
2020-10-16,t,365
2020-10-18,t,365
2020-10-19,t,365
2020-10-17,t,365
2020-10-19,t,365
2020-10-17,t,365
2020-10-20,t,365
2020-10-17,t,365
2020-10-17,t,365
2020-10-15,t,365
2020-10-15,t,365
2020-10-17,t,365
2020-10-18,t,365
2020-10-19,t,365
2020-10-14,t,365
